{"back":{"x":0,"y":0,"layerIdx":0},"inputNickname":{"x":364.23034579187373,"y":500.21082365543384,"layerIdx":1},"start":{"x":733.623948546186,"y":500.63353798947975,"layerIdx":2}}