{"back":{"x":0,"y":0,"layerIdx":0},"fore":{"x":0,"y":0,"layerIdx":32},"point":{"x":662.3900140222523,"y":802.4336374028344,"layerIdx":5,"num":4},"w1":{"x":61.96296296296302,"y":90.41975308641973,"layerIdx":7,"num":2},"w2":{"x":703.9346381231142,"y":88.82616976636716,"layerIdx":11,"num":4},"w3":{"x":252.57229080949716,"y":89.7757201648514,"layerIdx":13,"num":2},"w4":{"x":576.0833577187425,"y":638.6221476980063,"layerIdx":1},"w5":{"x":193.14333333333315,"y":604.5155555555552,"layerIdx":17,"num":4},"w6":{"x":448.28000042927755,"y":412.209998815567,"layerIdx":18},"w7":{"x":446.92637519999994,"y":698.4199999999998,"layerIdx":26,"num":8},"w8":{"x":319.9382716049379,"y":220.75308641975283,"layerIdx":29,"num":4},"w9":{"x":640.0438957475994,"y":476.0131077579634,"layerIdx":31,"num":2},"point_1":{"x":284.61223624447473,"y":180.21141518061256,"layerIdx":2},"point_2":{"x":662.3900140222523,"y":179.10030406950148,"layerIdx":3},"point_3":{"x":277.94556957780804,"y":801.3225262917233,"layerIdx":4},"w1_1":{"x":831.3333333333331,"y":88.41975308641973,"layerIdx":6},"w2_2":{"x":123.94223812311408,"y":89.48226976636717,"layerIdx":8},"w2_3":{"x":123.94223808501513,"y":727.4838127809014,"layerIdx":9},"w2_1":{"x":703.5422380850148,"y":730.8072695710248,"layerIdx":10},"w3_1":{"x":252.29644870682657,"y":856.1380886883557,"layerIdx":12},"w5_1":{"x":192.3333333333332,"y":348.5555555555554,"layerIdx":14},"w5_2":{"x":576.2733333333331,"y":348.74555555555537,"layerIdx":15},"w5_3":{"x":576.8933333333331,"y":603.0855555555553,"layerIdx":16},"w7_1":{"x":446.63489711934136,"y":732.5957933241879,"layerIdx":19},"w7_5":{"x":507.02700000000004,"y":476.2320000000001,"layerIdx":20},"w7_6":{"x":446.02700000000004,"y":286.2320000000001,"layerIdx":21},"w7_7":{"x":446.02700000000004,"y":252.23200000000006,"layerIdx":22},"w7_4":{"x":446.02700000000004,"y":217.36415599000003,"layerIdx":23},"w7_2":{"x":385.02700000000004,"y":477.2320000000001,"layerIdx":24},"w7_3":{"x":446.85999999999996,"y":663.97,"layerIdx":25},"w8_1":{"x":319.2839506172836,"y":639.6790123456785,"layerIdx":27},"w8_3":{"x":576.197530864197,"y":220.6913580246911,"layerIdx":28},"w9_1":{"x":192.04389574759932,"y":476.0131077579634,"layerIdx":30}}