{"centerPointer":{"x":1359.9999999999998,"y":439.9999999999999,"layerIdx":4,"type":"Player"},"bottomBack":{"x":393.36703423500916,"y":322.7068955444323,"layerIdx":0},"createBtn":{"x":-184.99999999999997,"y":459.9999999999999,"layerIdx":1},"downBtn":{"x":-264.99999999999994,"y":464.9999999999999,"layerIdx":2},"dragBtn":{"x":1409.9999999999998,"y":-189.99999999999997,"layerIdx":3},"editBack":{"x":820.2399894098287,"y":1373.7585836678622,"layerIdx":5},"holder":{"x":79.99999999999999,"y":639.9999999999999,"layerIdx":6},"removeBtn":{"x":550.6506222321487,"y":-51.62349583426395,"layerIdx":7},"upBack":{"x":-252.38153518973485,"y":814.5040453850534,"layerIdx":8},"upBtn":{"x":609.9999999999999,"y":99.99999999999999,"layerIdx":9}}